,Fund_01,Fund_02,Fund_03,Fund_04,Fund_05,Fund_06,Fund_07,Fund_08,Fund_09,Fund_10
Fund_01,0.061019642572767166,0.031055014961181685,0.011439915267619033,0.016275622444072733,0.006230021701755496,0.005865730025360189,0.031733199905239595,0.011545107711079222,0.0013408951111823558,0.00149040509131464
Fund_02,0.031055014961181685,0.02091933178223993,0.008663621165902698,0.011546419592395607,0.003037333294122687,0.002918850097419592,0.016396641837318458,0.004774131527993631,0.000509309154671222,0.000568463930264651
Fund_03,0.011439915267619033,0.008663621165902698,0.016278853676159614,0.004652964626192038,0.003226868184237602,0.002643747710871099,0.009220545022769061,0.0033918446036799096,0.0003271760148564233,0.0002323145052753065
Fund_04,0.016275622444072733,0.011546419592395607,0.004652964626192038,0.023098290033357408,0.002723375223600632,0.002035645580036447,0.009165835815824336,0.006065087697268915,0.0003589068191935043,0.0005205018693963807
Fund_05,0.006230021701755496,0.003037333294122687,0.003226868184237602,0.002723375223600632,0.00879674750747684,0.00218433168714301,0.008270975971226965,0.0054785094236231196,0.0003642695086860839,0.0008279507182958005
Fund_06,0.005865730025360189,0.002918850097419592,0.002643747710871099,0.002035645580036447,0.00218433168714301,0.0017475474550850897,0.00427486347209404,0.0023068859105990678,0.0003594809233039521,0.0004350336222054641
Fund_07,0.031733199905239595,0.016396641837318458,0.009220545022769061,0.009165835815824336,0.008270975971226965,0.00427486347209404,0.03045127583767706,0.011948014783634761,0.0011229974130530405,0.0017863847633255306
Fund_08,0.011545107711079222,0.004774131527993631,0.0033918446036799096,0.006065087697268915,0.0054785094236231196,0.0023068859105990678,0.011948014783634761,0.008742971650680796,0.0007750253895156651,0.0013582502294913943
Fund_09,0.0013408951111823558,0.000509309154671222,0.0003271760148564233,0.0003589068191935043,0.0003642695086860839,0.0003594809233039521,0.0011229974130530405,0.0007750253895156651,0.00016352257958398593,0.00020669312868224518
Fund_10,0.00149040509131464,0.000568463930264651,0.0002323145052753065,0.0005205018693963807,0.0008279507182958005,0.0004350336222054641,0.0017863847633255306,0.0013582502294913943,0.00020669312868224518,0.00044336386578715974
